{
    "profile_id": 1,
    "user_id": 1,
    "full_name": "System Administrator",
    "bio": "Portal Administrator",
    "profile_picture_url": null,
    "cover_photo_url": null,
    "graduation_year": null,
    "course": null,
    "branch": null,
    "current_company": null,
    "job_role": null,
    "department": null,
    "designation": null,
    "specialization": null,
    "office_location": null,
    "location_city": null,
    "location_country": null,
    "contact_number": null,
    "personal_website": null,
    "linkedin_url": null,
    "github_url": null,
    "twitter_url": null,
    "is_private": false,
    "show_email": false,
    "show_contact": false,
    "created_at": "2026-02-03 19:18:54.725721",
    "updated_at": "2026-02-03 19:18:54.725721",
    "roll_number": null,
    "year_of_study": null,
    "tech_stack": null,
    "skills": null
}